,Hidden Layers,Number Nodes,Threshold Offset,Loss,Accuracy,Precision,Recall
0,2,25,0.1,1.34691467103504,0.0,0.19008547067642212,0.19008547067642212
0,4,25,0.1,1.5925109086368547,0.0,0.19008547067642212,0.19008547067642212
